<?xml version="1.0" encoding="UTF-8"?>
<project-private xmlns="http://www.netbeans.org/ns/project-private/1">
    <editor-bookmarks xmlns="http://www.netbeans.org/ns/editor-bookmarks/2" lastBookmarkId="0"/>
    <open-files xmlns="http://www.netbeans.org/ns/projectui-open-files/2">
        <group>
            <file>file:/C:/Users/Justin/Desktop/UltraText-master/public/css/profile.css</file>
            <file>file:/C:/Users/Justin/Desktop/UltraText-master/controllers/apiEditActivity.js</file>
            <file>file:/C:/Users/Justin/Desktop/UltraText-master/models/joinedActivity.js</file>
            <file>file:/C:/Users/Justin/Desktop/UltraText-master/controllers/apiLeaveActivity.js</file>
            <file>file:/C:/Users/Justin/Desktop/UltraText-master/public/css/modals.css</file>
            <file>file:/C:/Users/Justin/Desktop/UltraText-master/models/tag.js</file>
            <file>file:/C:/Users/Justin/Desktop/UltraText-master/models/activity.js</file>
            <file>file:/C:/Users/Justin/Desktop/UltraText-master/public/css/landing.css</file>
            <file>file:/C:/Users/Justin/Desktop/UltraText-master/models/index.js</file>
            <file>file:/C:/Users/Justin/Desktop/UltraText-master/models/tagActivity.js</file>
            <file>file:/C:/Users/Justin/Desktop/UltraText-master/models/person.js</file>
        </group>
    </open-files>
</project-private>
